"cpse","material_code","description","category","material_grade"
"BPCL","67.00.00.088.8","TIPV -16IN 600# WITH ELECTRICAL ACTUATOR; TWIN ISOLATION PLUG VALVE - 16 IN CLASS 600# (BUTT WELD ENDS) WITH ACTUATOR; LOCATION BPCL PIPELINES","General",""
"BPCL","67.00.00.089.8","VALVE DBBV FLG 150# 250NB; DOUBLE BLOCK & BLEED VALVE 250NB (10 IN) CLASS 150-FLANGED WITH ACTUATOR; LOCATION BPCL PIPELINES","General",""
"BPCL","67.00.00.087.8","VALVE GLOBE FLG 600# 250NB; GLOBE VALVE 250 NB (10 IN) CLASS 600 - FLANGED WITH ACTUATOR; LOCATION BPCL PIPELINES","General",""
"BPCL","BPCL-1000314728-LOT1-001","PIPE CS IS1239PRT1 ERW HVY 50MM NB","General",""
"BPCL","BPCL-1000314728-LOT1-002","PIPE CS IS1239PRT1 ERW HVY 80MM NB","General",""
"BPCL","BPCL-1000314728-LOT1-003","PIPE CS IS1239PRT1 ERW HVY 100MM NB","General",""
"BPCL","BPCL-1000314728-LOT1-004","PIPE CS IS1239PRT1 ERW HVY 150MM NB","General",""
"BPCL","BPCL-1000314728-LOT1-005","PIPE CS IS3589G410 ERW TPI S20 200NB","General",""
"NTPC","M9041506045","RLY 220VDC:REF-615ABB:HBFHAEAGNDA1BNN11G; NUMERIC/DIGITAL RELAY VOLT/AMP SETTING-220V DC TYPE-MAKE-REF-615 ABB CAT NO.-HBFHAEAGNDA1BNN11G","General",""
"NTPC","M9041106083","RELAY:1A:REF615 ABB:HBFJAEAGABC1AAA11G; NUMERIC/DIGITAL RELAY VOLT/AMP SETTING-1A TYPE-MAKE-REF-615 ABB CAT NO.-HBFJAEAGABC1AAA11G","General",""
"BHEL","TC9762926013","OXIDATION BLOWER 2X800MW NTPC SINGRAULI; SPEC TC62926-01","General",""
"BHEL","TC9762926021","VFD FOR OXIDATION BLOWER-NTPC SINGRAULI; SPEC TC62926-02","General",""
"BHEL","TC9762926030","DRY TYPE TRANSFORMER FOR-NTPC SINGRAULI; SPEC TC62926-03","General",""
"BHEL","TC9762926048","IMPELLER ASSEMBLY/ ROTOR; SPEC TC62926-04","General",""
"BHEL","TC9762926056","SET OF BEARINGS; SPEC TC62926-05","General",""
"BHEL","TC9762926064","BLOWER INSTRUMENTATION SPARE; SPEC TC62926-06","General",""
"BHEL","TC9762932005","OXIDATION BLOWER 2X800MW DVC KODERMA; SPEC TC62932-00","General",""
"BHEL","TC9762932013","IMPELLER ASSEMBLY/ ROTOR; SPEC TC62932-01","General",""
"BHEL","TC9762932021","SET OF BEARINGS; SPEC TC62932-02","General",""
"BHEL","TC9762932030","BLOWER INSTRUMENTATION SPARE; SPEC TC62932-03","General",""
"BHEL","31390331032","PLUG IN BRUSH HOLDER; DIA 32MM SINGLE HOLDER DESIGN FOR 1.5MW TO 110MW TGS; DRG 3-139-03-31032","General",""
"NTPC","M1622875845","400NB CAST BASALT LINED PIPE WITH FLANGES; CAST BASALT LINED ID 386MM MS PIPE FOR ASH SLURRY APPLICATION IN LENGTHS OF 6000MM WITH WELDABLE BEVEL END MS FLANGES AT BOTH ENDS; DRG 062-1001-036-A4","General",""
"SAIL","SAIL-BSL-PUR-OT-12.2-P07-01","SLIDE GATE TA UPPER NOZZLE; SLIDE GATE SYSTEM FOR STEEL TEEMING LADLES 300MT SMS-II; SYSTEM FL 6300; ALUMINUM GRAPHITE","General",""
"SAIL","SAIL-BSL-PUR-OT-12.2-P07-02","SLIDE GATE TA LOWER NOZZLE; SLIDE GATE SYSTEM FOR STEEL TEEMING LADLES 300MT SMS-II; SYSTEM FL 6300; ALUMINUM GRAPHITE","General",""
"SAIL","SAIL-BSL-PUR-OT-12.2-P07-03","SLIDE GATE TA ST TOP PLATE; SLIDE GATE SYSTEM FOR STEEL TEEMING LADLES 300MT SMS-II; SYSTEM FL 6300; ALUMINUM GRAPHITE","General",""
"SAIL","SAIL-BSL-PUR-OT-12.2-P07-04","SLIDE GATE TA SL BOTTOM PLATE; SLIDE GATE SYSTEM FOR STEEL TEEMING LADLES 300MT SMS-II; SYSTEM FL 6300; ALUMINUM GRAPHITE","General",""
"SAIL","SAIL-BSL-PUR-OT-12.2-P07-05","SLIDE GATE AIR SETTING CEMENT; SLIDE GATE SYSTEM FOR STEEL TEEMING LADLES 300MT SMS-II; 3.0 KG/HEAT","General",""
"SAIL","SAIL-BSL-PUR-OT-12.2-P07-06","SLIDE GATE H/A MASTIC; SLIDE GATE SYSTEM FOR STEEL TEEMING LADLES 300MT SMS-II","General",""
"IOCL","IOCL-PWVDM24021-PN200","IMPELLER; PART NO 200; CRITICAL PROPRIETARY SPARE FOR KSB MAKE BOOSTER PUMPS-1/2/3 AT WRPL VADINAR","General",""
"IOCL","IOCL-PWVDM24021-PN403","HEAD SHAFT; PART NO 403; CRITICAL PROPRIETARY SPARE FOR KSB MAKE BOOSTER PUMPS AT WRPL VADINAR","General",""
"IOCL","IOCL-PWVDM24021-PN404","PUMP SHAFT; PART NO 404; CRITICAL PROPRIETARY SPARE FOR KSB MAKE BOOSTER PUMPS AT WRPL VADINAR","General",""
"IOCL","IOCL-PWVDM24021-PN3419","BUSH LOCKING GRUB SCREW; PART NO 3419; CRITICAL PROPRIETARY SPARE FOR KSB MAKE BOOSTER PUMPS AT WRPL VADINAR","General",""
"IOCL","IOCL-PWVDM24021-PN3109","GRUB SCREW FOR CASE W/R; PART NO 3109; CRITICAL PROPRIETARY SPARE FOR KSB MAKE BOOSTER PUMPS AT WRPL VADINAR","General",""
"IOCL","IOCL-PWVDM24021-PN341","DIFFUSER BUSH; PART NO 341; CRITICAL PROPRIETARY SPARE FOR KSB MAKE BOOSTER PUMPS AT WRPL VADINAR","General",""
"IOCL","IOCL-PWVDM24021-PN405","TRANSMISSION SHAFT; PART NO 405; CRITICAL PROPRIETARY SPARE FOR KSB MAKE BOOSTER PUMPS AT WRPL VADINAR","General",""
"IOCL","IOCL-PWVDM24021-PN440","IMPELLER KEY; PART NO 440; CRITICAL PROPRIETARY SPARE FOR KSB MAKE BOOSTER PUMPS AT WRPL VADINAR","General",""
"IOCL","IOCL-PWVDM24021-PN449","COUPLING KEY; PART NO 449; CRITICAL PROPRIETARY SPARE FOR KSB MAKE BOOSTER PUMPS AT WRPL VADINAR","General",""
"IOCL","IOCL-PWVDM24021-PN450","DEFLECTOR; PART NO 450; CRITICAL PROPRIETARY SPARE FOR KSB MAKE BOOSTER PUMPS AT WRPL VADINAR","General",""
"IOCL","IOCL-PWVDM24021-PN446","MUFF COUPLING; PART NO 446; CRITICAL PROPRIETARY SPARE FOR KSB MAKE BOOSTER PUMPS AT WRPL VADINAR","General",""
"IOCL","IOCL-PWVDM24021-PN4218","LOCK NUT; PART NO 4218; CRITICAL PROPRIETARY SPARE FOR KSB MAKE BOOSTER PUMPS AT WRPL VADINAR","General",""
"IOCL","IOCL-PWVDM24021-PN4219","LOCK WASHER; PART NO 4219; CRITICAL PROPRIETARY SPARE FOR KSB MAKE BOOSTER PUMPS AT WRPL VADINAR","General",""
"IOCL","IOCL-PWVDM24021-PN525","SPIDER BUSH; PART NO 525; CRITICAL PROPRIETARY SPARE FOR KSB MAKE BOOSTER PUMPS AT WRPL VADINAR","General",""
"IOCL","IOCL-PWVDM24021-PN527","UPPER BEARING BUSH; PART NO 527; CRITICAL PROPRIETARY SPARE FOR KSB MAKE BOOSTER PUMPS AT WRPL VADINAR","General",""
"WBPDCL","M18-F03-00231","POWDER DRY CHEMICAL POWDER B AND C TYPE SODIUM BICARBONATE FOR CHEMICAL; HSN 3813","General",""
"WBPDCL","M11-F03-00008","MECHANICAL FOAM LIQUID FOR EXTINGUISHING OIL FIRE FIRE EXTINGUISHER; HSN 3824","General",""
"WBPDCL","M18-F03-00095","LANDING VALVE TYPE A SS IS 5290 WITH CI WHEEL SS SPINDLE 63MM INSTANTANEOUS SS FEMALE COUPLING AND PVC BLANK CAP; HSN 8481","General",""
"WBPDCL","M13-V01-01021","LANDING VALVE WHEEL 6 INCH MATERIAL CI GRADE 20; HSN 8481","General",""
"WBPDCL","M13-V01-01020","WASHER A16 SS MATERIAL OF LANDING VALVE IS 5290; HSN 7318","General",""
"WBPDCL","M13-V01-01018","WASHER A12 SS MATERIAL OF LANDING VALVE IS 5290; HSN 7318","General",""
"WBPDCL","M13-F02-00066","COUPLING WASHER FOR LANDING VALVE IS 5290; HSN 7318","General",""
"WBPDCL","M13-V01-01023","LANDING VALVE FEMALE COUPLING IS 5290; HSN 8483","General",""
"WBPDCL","M13-F02-00065","HT NUT OF LANDING VALVE WHEEL IS 5290; HSN 7318","General",""
"WBPDCL","M15-F02-00005","HT NUT M12 OF LANDING VALVE IS 5290; HSN 7318","General",""
"WBPDCL","M13-V01-01019","SPINDLE WITH CHECK NUT SS304 OF LANDING VALVE IS 5290; HSN 8481","General",""
"BHEL","HE9711823020","DISHED END 2:1 ELLIP ID1700X25THK(MIN)","General",""
"BHEL","HE9711823039","DISHED END 2:1 ELLIP ID1770X56THK(MIN)","General",""
"BHEL","HE9711823047","DISHED END 2:1 ELLIP ID1750X73THK(MIN)","General",""
"BHEL","HE9711823055","DISHED END 2:1 ELLIP ID1400X34THK(MIN)","General",""
"BHEL","HE9718814027","DISHED END TORI(ID1500X13(MIN))","General",""
"BHEL","HE9718814035","DISHED END TORI(ID1400X13(MIN))","General",""
"BHEL","HE9718814043","DISHED END TORI(ID1250X30(MIN))","General",""
"NTPC","M0171131602","EMERGENCY PUSH BUTTON 415 VOLT AC/DC","General",""
"NTPC","M0171132605","EPB STATION 2NO+2NC LOCKABLE STOP BUTTON","General",""
"NTPC","M0171140802","BOLT M45 X 3 FOR HP STM PIPING","General",""
"NTPC","M0171141285","LPQC STOP&IV:HRH I/V FLANGE STUD & WASHE","General",""
"NTPC","M0171142002","STUD M 33 HY 113170370110","General",""
"NTPC","M0171143209","NUT M33 HY 113170570110","General",""
"NTPC","M0171181607","STUD WITH DOUBLE NUT & WASHER(M48)AS PER","General",""
"NTPC","M0171182008","BOLT JUMPER PIPEFLANGE, 6643289-268 FOR","General",""
"NTPC","M0171182406","DLWSPR:ASSLY GOV.DRIVE ( FOR WW GOV)","General",""
"NTPC","M0171182804","MEG601:GOVERNOR BASE ASSY","General",""
"NTPC","M0171184004","BALL BRG-SR : BRG NO: 6211 : SFIX : Z","General",""
"NTPC","M0173101080","BEARING 6212 Z","General",""
"NTPC","M0173101152","BALL BEARING-DEEP GROOVE-SINGLE ROW 6207","General",""
"NTPC","M0173101325","BEARING 6204 Z","General",""
"NTPC","M0173101450","BALL BRG-SR : BRG NO: 6009 : SFIX : Z","General",""
"NTPC","M0173111060","BEARING YEL 209-2F","General",""
"NTPC","M0173111080","BEARING;6204 ZZ C3","General",""
"NTPC","M0173111100","BEARING NO. 6203 ZZ C3","General",""
"NTPC","M0173111120","BEARING 6208","General",""
"NTPC","M0173114060","BEARING 6311 ZZ C3","General",""
"NTPC","M0173114080","BALL BEARING-SR:6306:ZC3","General",""
"NTPC","M0187310657","CYLINDRICAL ROLLER BRG.NU317 ECJ","General",""
"NTPC","M0188831647","BALL BEARING-SR 6204: C3","General",""
"NTPC","M0190127235","BEARING NO.6004 ZZC3","General",""
"NTPC","M0190127253","BALL BEARING-SR:6005:2RS","General",""
"NTPC","M0190133311","TAPER ROLLER BRG#:30312:JR","General",""
"NTPC","M0190455237","BEARING 30312","General",""
"NTPC","M0190538299","BEARING NO. 30214 J2/Q(SKF) OR EQUIV","General",""
"NTPC","M0190626325","AC BALL BEARING-SR:7317:BG/BECBJ","General",""
"NTPC","M0195007001","PIPE-SS:ASTM A312 TP 316L:150NB:7.11MM","General",""
"NTPC","M0195007002","PIPE-SS:ASTM A312 TP 316L:200NB:TH8.18MM","General",""
"NTPC","M0195160002","MOTOR 9.3KW,1460RPM,ND160M,CGL","General",""
"NTPC","M0195560100","MOTOR 1.1KW,CGL,FRAME ND90SD,1405 RPM","General",""
"NTPC","M0195560560","3PH,5.5KW,1440RPM,FR-132S R/C FEEDER S-","General",""
"NTPC","M0206020718","MOTR SQL 415V:0.37KW:4P:V1,TEFC:FR:71","General",""
"NTPC","M0206131054","APH PRI LOP MOTOR,0.55KW,925RPM,90S","General",""
"NTPC","M0206190718","SEA WATER BLOWER MOTOR,0.75KW,2845RPM","General",""
"NTPC","M0206280716","CBL JT KT STR TH H/S 11KV AL 3CX150SQMM","General",""
"NTPC","M0206281001","CBL JT KT STR TH H/S 1.1KV AL3.5CX35SQMM","General",""
"NTPC","M0213010506","CBL JT KT STR TH H/S 1.1KV AL3.5CX95SQMM","General",""
"NTPC","M0213011509","CBL JT KT STR TH H/S1.1KV AL3.5CX150SQMM","General",""
"NTPC","M0213012007","CBL JT KT STR TH H/S1.1KV AL3.5CX240SQMM","General",""
"NTPC","M0213141008","CBL JT KT STR TH H/S 33KV AL 1CX240SQMM","General",""
"NTPC","M0213143004","CBL JT KT STR TH H/S 33KV AL 1CX630SQMM","General",""
"NTPC","M0215100209","CBL JT KT STR TH H/S 33KV AL 3CX240SQMM","General",""
"NTPC","M0220002008","END TERM KIT I/D AL 11KV 3CX120SQMM","General",""
"NTPC","M0220076252","END TERM KIT I/D AL 33KV 1CX630SQMM","General",""
"NTPC","M0220373005","CBL JT KT STR TH H/S 1.1KV AL 4CX16SQMM","General",""
"NTPC","M0223100600","END TERM KIT HS I/D AL 33KV 3CX240SQMM","General",""
"NTPC","M0223100804","CBL JT KT STR TH H/S 1.1KV AL 4CX6SQMM","General",""
"NTPC","M0223101250","CBL JT KT STR TH H/S 1.1KV AL 4CX10SQMM","General",""
"NTPC","M0223101506","CBL JT KT STR TH H/S 1.1KV AL3.5CX16SQMM","General",""
"NTPC","M0223101603","CBL JT KT STR TH H/S 1.1KV AL3.5CX25SQMM","General",""
"NTPC","M0223101755","CBL JT KT STR TH H/S 1.1KV AL3.5CX50SQMM","General",""
"NTPC","M0223101807","CBL JT KT STR TH H/S 1.1KV AL 4CX70SQMM","General",""
"NTPC","M0223102004","CBL JT KT STR TH H/S1.1KV AL3.5CX120SQMM","General",""
"NTPC","M0223102509","CBL JT KT STR TH H/S 1.1KV AL 1CX300SQMM","General",""
"NTPC","M0223102758","CBL JT KT STR TH H/S 1.1KV AL 1CX630SQMM","General",""
"NTPC","M0223103007","CBL JT KT STR TH H/S 1.1KV CU10CX1.5SQMM","General",""
"NTPC","M0223103159","CBL JT KT STR TH H/S 1.1KV CU 5CX1.5SQMM","General",""
"NTPC","M0223103751","CBL JT KT STR TH H/S 1.1KV CU 7CX1.5SQMM","General",""
"NTPC","M0223105003","CBL JT KT STR TH H/S 6.6KV AL 3CX150SQMM","General",""
"NTPC","M0223106006","END TERM KIT HS I/D AL 11KV 3CX150SQMM","General",""
"NTPC","M0223501505","END TERM KIT HS I/D AL 6.6KV 3CX150SQMM","General",""
"NTPC","M0223504003","CBL JT KT STR TH H/S 6.6KV AL 3CX240SQMM","General",""
"NTPC","M0223506005","END TERM KIT I/D AL 6.6KV 1CX300SQMM","General",""
"NTPC","M0225202502","END TERM KIT I/D AL 11KV 3CX240SQMM","General",""
"NTPC","M0225501005","CBL JT KT STR TH H/S1.1KV AL3.5CX185SQMM","General",""
"NTPC","M0225501254","END TERM KIT HS O/D AL 11KV 1CX300SQMM","General",""
"NTPC","M0225501500","END TERM KIT HS O/D AL 11KV 1CX150SQMM","General",""
"NTPC","M0226010504","END TERM KIT HS I/D AL 3.3KV 1CX300SQMM","General",""
"NTPC","M0226010805","END TERM KIT HS I/D AL 3.3KV 1CX150SQMM","General",""
"NTPC","M0226200280","END TERM KIT HS I/D AL 3.3KV 3CX150SQMM","General",""
"NTPC","M0226200703","END TERM KIT HS I/D AL 3.3KV 3CX95SQMM","General",""
"NTPC","M0226200800","CBL JT KT STR TH H/S 11KV AL 1CX300SQMM","General",""
"NTPC","M0226201007","CBL JT KT STR TH H/S 3.3KV AL 3CX150SQMM","General",""
"NTPC","M0226201201","CBL JT KT STR TH H/S 3.3KV AL 3CX95SQMM","General",""
"NTPC","M0226201609","CBL JT KT STR TH H/S 11KV AL 1CX150SQMM","General",""
"NTPC","M0226202000","AIR CIRCUIT BREAKER 3POLE,800A,415V","General",""
"NTPC","M0228315001","MAFRON-22 IS:5610GR.1 FOR REFRIGERATN","General",""
"NTPC","M0228316004","GRATING-FABRICATED GRILL: MS -1000X750MM","General",""
"NTPC","M0229110801","SEAL SET BL 10","General",""
"NTPC","M0229111257","BPAS SYS:SEAL:SEAL ST 10-4","General",""
"NTPC","M0229111707","SEAL SET FOR HPBP SERVO VALVE ST10","General",""
"NTPC","M0229112700","OV32B SEAL SET","General",""
"NTPC","M0229113253","BLOCKING ELEMENT BL-10","General",""
"NTPC","M0229114007","SULZER;QUICKOPENHOSE;SSB162ST20B5-1500","General",""
"NTPC","M0229114502","PRESSURE SWITCH FOR HPBP OSU","General",""
"NTPC","M0229115000","VIB.PAD;RSG10+4K;SULZER;HP/LPBP/APRDS","General",""
"NTPC","M0229117501","OV32B DISCHARGE FILTER","General",""
"NTPC","M0229212506","PR.REDUCING V/V;OV16/OV32;SULZER;HPLPBP","General",""
"NTPC","M0229215007","OV32B SUCTION FILTER","General",""
"NTPC","M0244261809","SERVO VALVE ST.10-63+R6-6771","General",""
"NTPC","M0244492405","OV32B FLEXIBLE HOSE","General",""
"NTPC","M0261021150","CENTERING SPRING FOR ST10","General",""
"NTPC","M0261024120","PFT FOR CONTROL VALVE RSG15+4K","General",""
"NTPC","M0261027200","AIR FLTR COMPLETE FOR HPBP OIL UNIT OV32","General",""
"NTPC","M0261030200","THROTTLE DEVICE FOR BP1/BP2 ACTUATOR","General",""
"NTPC","M0261318080","COUPLING PINS FOR OSU OV32","General",""
"NTPC","M0261365650","CERAMIC FILTER FOR ST-10 SERVO VALVE","General",""
"NTPC","M0261421170","HP BYP OV32B GLYC FILL PG 0-160 BAR","General",""
"NTPC","M0305620857","HP BYP OV32B GLYC FILL PG 0-250 BAR","General",""
"NTPC","M0311110300","SEAL SET FOR BLOCKING UNIT,BL 10-2 /200","General",""
"NTPC","M0318601300","MOTOR FOR VIBROFEEDER (ST-II)","General",""
"NTPC","M0318676309","CT:220KV:800-1600/1-1A/200-1600/1-1-1A","General",""
"NTPC","M0322070080","N/M GASKET JOINTING SHEET 560X480X3 MM","General",""
"NTPC","M0322350250","N/M GASKET JOINTING SHEET 620X520X 3 MM","General",""
"NTPC","M0325700252","N/M GASKET JOINTING SHEET 690X560X3 MM.","General",""
"NTPC","M0345600022","N/M OIL GASKET 170X100X3 MM","General",""
"NTPC","M0345960151","N/M OIL GASKET 290X190X3 MM & 8 HOLES","General",""
"NTPC","M0346100136","N/M OIL GASKET 205XX140X3 MM","General",""
"NTPC","M0346100400","CAF RING:IS:2712 GR.W/3:780X700X3MM","General",""
"NTPC","M0346100401","CAF RING:IS:2712 GR.W/3:320X200X3MM","General",""
"NTPC","M0346100631","CAF RING:IS:2712 GR.W/3:170X105X3MM","General",""
"NTPC","M0346100659","CAF RING:IS:2712 GR.W/3:130X65X3MM","General",""
"NTPC","M0346100808","CAF RING:IS:2712 GR.W/3:740X635X3MM","General",""
"NTPC","M0346101050",":TG-ANALYZER:COMP ASSY","General",""
"NTPC","M0346101254","LAMP LED: COOL DAY,2PIN,4FT,180-260V,20W","General",""
"NTPC","M0346101500","LED BASED STREET LIGHT - 65-80W","General",""
"NTPC","M0346103560","LED BASD FLOOD LIGHT - 100-120W","General",""
"NTPC","M0346250253","LED BASED HIGH BAY - 121-140W","General",""
"NTPC","M0346350409","LED BASD FLOOD LIGHT - 180-210W","General",""
"NTPC","M0347080204","LGHT FIXTR:LED BASD:WELL GLASS TYP-35W","General",""
"NTPC","M0347110305","LGHT FIXTR:LED BASD:WELL GLASS TYP-70W","General",""
"NTPC","M0347138635","LED BASD BULK HEAD - 35W","General",""
"NTPC","M0350100173","STREET LIGHT - 100-120W","General",""
"NTPC","M0350100252","GENERATOR ROTOR STAND","General",""
"NTPC","M0350106010","WATER TYPE IS:940(GA:CAP ASSLY","General",""
"NTPC","M0350210124","MECH.FOAM-IS:Kawas GPS4:9LT:DISCHARGE TUBE","General",""
"NTPC","M0350210179","MINI BRANCH FOR MECHANICAL FOAM 9 LTR. N","General",""
"NTPC","M0350614407","CO2-IS:2878:6.8KG:WHEEL","General",""
"NTPC","M0350861106","CO2-IS:2878:22.5KG:WHEEL TROLLEY","General",""
"NTPC","M0362454501","D.P-IS:10658:50KG:WHEEL","General",""
"NTPC","M0364289921","D.P-IS:10658:25KG:WHEEL","General",""
"NTPC","M0435110246","2KG CAP CO2 FIRE EXT. COMP, HORN & BEND","General",""
"NTPC","M0435119997","CO2-IS:2878:4.5KG:CARRYING HANDLE","General",""
"NTPC","M0440130503","CO2-IS:2878:6.8KG:DISCHARGE TUBE","General",""
"NTPC","M0440140502","CO2-IS:2878:22.5KG:DISCHARGE TUBE","General",""
"NTPC","M0440310509","RUBBER WASHER SUITABLE FOR 63 MM FIRE HO","General",""
"NTPC","M0440330507","DISCHARGE TUBE WITH SQUEEZE GRIP NOZZLES","General",""
"NTPC","M0440340506","CO2 GAS CARTRIDGE OF 200GMS.","General",""
"NTPC","M0440410506","CARBON DIOXIDE GAS CARTRIDGE 120GM","General",""
"NTPC","M0440440503","D.P-IS:2171:5KG:CAP ASSEMBLY","General",""
"NTPC","M0440510008","D.P-IS:10658:25KG:CAP ASSEMBLY","General",""
"NTPC","M0440550004","CO2-IS:2878:4.5KG:DISCHARGE HORN","General",""
"NTPC","M0440550509","NRV-4"":#2500:LOCKING DEVICE","General",""
"NTPC","M0440560003","WATER MONITOR TYP1SIZE BARL/NOZL 75/38MM","General",""
"NTPC","M0440650506","DRY CHEMICAL POWDER SODIUM BI IS:4308","General",""
"NTPC","M0460119236","HYD STUD TENSIONING DEVICE:COMP ASSY","General",""
"NTPC","M0460400310","BOLT TENSIONER SEAL KIT","General",""
"NTPC","M0460410027","HYD-STUD TENSIONER:HAND-PUMP SEAL KIT","General",""
"NTPC","M0460420017","HYD STUD TENSIONER:QUICK CHANGE COUPLING","General",""
"NTPC","M0460420035","HYD-STUD TENSIONER:H-PR HYDRAULIC HOSE","General",""
"NTPC","M0460453411","PR.GAUGE 0-1600 BAR PART NO 9051V012","General",""
"NTPC","M0460453420","DIGITAL PRESSRE GAUGE/CALIBRATOR:0 TO135","General",""
"NTPC","M0460583211","TEST KIT:STACK MONITORING:COMP ASSY","General",""
"NTPC","M0460583813","BREATHING APPARATUS IS:Farakka STPS5 STANDARD","General",""
"NTPC","M0460584214","BEARING NO.29438","General",""
"NTPC","M0460584621","CYL ROLLER BRG : NU330 : SFIX : EM1","General",""
"NTPC","M0460601539","BEARING KH 242649 & 242610(SKF) OR EQ.","General",""
"NTPC","M0460686633","SR BEARING HH 437549 (SKF) OR EQVT.","General",""
"NTPC","M0460701536","SELF ALIG SPHR RLR BRG:DR:22328CC/C3/W34","General",""
"NTPC","M0460786232","CYL ROLLER BRG : NU230 : SX EMIC3","General",""
"NTPC","M0460786630","BEARING 22326 CC JA/W33 VA 405","General",""
"NTPC","M0470318458","BEARING 23060 MB","General",""
"NTPC","M0470378337","BEARING NU 317 C3","General",""
"NTPC","M0470378391","BEARING 6226 C3","General",""
"NTPC","M0470378434","BEARING NU224M","General",""
"NTPC","M0470378470","BEARING NU 228 M","General",""
"NTPC","M0505180054","BEARING NU 232 M","General",""
"NTPC","M0505180106","CYL RLR BRG N334 THR EM1","General",""
"NTPC","M0505180203","SPECIAL BRG: BC1B316548(SKF)/541126(FAG)","General",""
"NTPC","M0505180258","TAPER ROLLER BRG.NO.31324;SU:X/DF","General",""
"NTPC","M0505180355","BEARING 6317 C3","General",""
"NTPC","M0505180504","BEARING 6320","General",""
"NTPC","M0505180601","BEARING 6317","General",""
"NTPC","M0505180708","BEARING 6318","General",""
"NTPC","M0505180805","BALL BEARING -SR:6319:","General",""
"NTPC","M0505180902","BEARING 6222 C3","General",""
"NTPC","M0505250027","BEARING 6316 C3","General",""
"NTPC","M0505250036","BALL BEARING-SR:6219:C3","General",""
"NTPC","M0505250054","ROLLER THRUST BEARING KT 811","General",""
"NTPC","M0505250055","BEARING 220 RU03R3 TORRINGTON","General",""
"NTPC","M0505250063","BEARING 32034","General",""
"NTPC","M0505250072","BEARING NO: QJ-320 BM BRASS CAGE","General",""
"NTPC","M0505250106","BALL BEARING-SR:6316:2RSC3","General",""
"NTPC","M0505250151","DEEP GROOVE BALL BEARING NO.-6236 C3","General",""
"NTPC","M0505250203","MOTR IN EE415VAC:160KW:6P:B3,TEFC:355S","General",""
"NTPC","M0505250258","SQ CAGE INDUCTION MOTOR,200KW,415V AC","General",""
"NTPC","M0505250300","WELDING RECEPTACLE 63 AMPS WITH 5 PIN SO","General",""
"NTPC","M0505250407","INDUSTRIAL SOCKET 3 PIN 240V 20A","General",""
"NTPC","M0505250408","ROD-CIRCULAR,SIZE:25 MM,TEFLON-PTFE.","General",""
"NTPC","M0505250452","ROD-CIRCULAR,SIZE:40 MM,TEFLON-PTFE.","General",""
"NTPC","M0505250504","PTFE ROD :50MM DIA.X 300 MM L.","General",""
"NTPC","M0505250601","TEFLON ROD(SOLID) ROUND:DIA : 65MM","General",""
"NTPC","M0505250753","PTFE/TEFLON ROD :-75MM DIA.X300 MM LEN","General",""
"NTPC","M0505251002","PTFE ROD -100 MM DIA X 300MM L.","General",""
"NTPC","M0505251507","TEFLON ROD(SOLID) ROUND: DIA 125MM","General",""
"NTPC","M0505252005","TEFLON SHEET 1.0MM THICK","General",""
"NTPC","M0505280015","TEFLON SHEET WIDTH 1000MM THICK 1.5MM","General",""
"NTPC","M0505280033","TEFLON SHEET:2MM TH.LN-2 MTR,WID 600MM","General",""
"NTPC","M0505280051","PTFE/TEFLON SHEET -4MM THICK","General",""
"NTPC","M0505280088","BATTERY CHARGER - 1PH, O/P: 24VDC, 40A","General",""
"NTPC","M0505280089","FBR GLS SLEV F-CLS:2MMX1M","General",""
"NTPC","M0505280103","INS PAPR F-CLS:5MIL","General",""
"NTPC","M0505280104","INS PAPR F-CLS:7MIL","General",""
"NTPC","M0505280158","INS PAPR F-CLS:10MIL","General",""
"NTPC","M0505280159","FBR GLS SLEV F-CLS:1MMX1M","General",""
"NTPC","M0505280200","FBR GLS SLEV F-CLS:5MMX1MTR","General",""
"NTPC","M0505280201","FBR GLS SLEV F-CLS:6MMX1MTR","General",""
"NTPC","M0505280255","FBR GLS SLEV F-CLS:7MMX1MTR","General",""
"NTPC","M0505280256","FBR GLS SLEV F-CLS:8MMX1MTR","General",""
"NTPC","M0505280307","FBR GLS SLEV F-CLS:10MMX1MTR","General",""
"NTPC","M0505280308","FBR GLS SLEV F-CLS:12MMX1MTR","General",""
"NTPC","M0505280404","COTTON TAPE:T=7MIL:W=12MM:L=50M:CLASS Y","General",""
"NTPC","M0505280501","COTTON TAPE:T=7MIL:W=19MM:L=50M:CLASS Y","General",""
"NTPC","M0505280502","PORTABLE HYDROGEN PURITY ANALYSER","General",""
"NTPC","M0505280608","HYDROCHLORIC ACID IS:265","General",""
"NTPC","M0505280705","SMOKE GREY SYNTHETIC ENAMEL IN 20LTR","General",""
"NTPC","M0505280750","PHIROZI BLUE SYNTHETIC ENAMEL PAINT4LTR","General",""
"NTPC","M0505280803","SEA GREEN SYNTHETIC ENAMEL PAINT IN 4LTR","General",""
"NTPC","M0505282002","FLUE GAS ANALYSER,O2:0-21%,CO:0-10000PPM","General",""
"NTPC","M0505401001","LAMP LED:COOL DAY 2-PIN:GLOVE:250VAC,9W","General",""
"NTPC","M0506250057","1800MM:CONV BELT- NN1000/4,FR 5/2","General",""
"NTPC","M0506990640","1800MM:CONV BELT- NN1250/4,FR 5/2","General",""
"NTPC","M0510002143","1800MM:CONV BELT- NN800/4,FR 5/2","General",""
"NTPC","M0510051826","90 DEG. MS BEND,HEAVYDUTY, 200 MM","General",""
"NTPC","M0510051914","300NB 90 DEGREE MS BEND IS:1239 PT- 2","General",""
"NTPC","M0510052120","STUD M140X4X810(BHEL)HW 32118000015","General",""
"NTPC","M0510052139","STUD M140X4X710 428932818 HW 32118000014","General",""
"NTPC","M0510052184","STUD M120X4X760 42.8932.726 BHEL","General",""
"NTPC","M0510052263","STUD M100X4X705 42-8932-614 BHEL","General",""
"NTPC","M0510052388","STUD M100X4X930 52.8945.100 BHEL","General",""
"NTPC","M0510052476","STUD M100X4-6GX690 84.7852.561","General",""
"NTPC","M0510052643","STUD M76X4 1257172","General",""
"NTPC","M0510052661","STUD M76*4*635","General",""
"NTPC","M0510052874","CAP NUT M140X4 52894514O (BHEL)/70-7932","General",""
"NTPC","M0510052953","CAP NUT M120X4 52.8945.120 BHEL","General",""
"NTPC","M0510052971","CAP NUT M100X4 2.8945.100 BHEL","General",""
"NTPC","M0510052980","CAP NUT M76X4-6H 70.7932.135","General",""
"NTPC","M0510053008","BHEL DOWELL PIN M60X430 TG-MAIN FOR IPC","General",""
"NTPC","M0510053071","CAP NUT M42 FOR IV","General",""
"NTPC","M0510053938","SEROTED GASKET HPT TRANSFAR PIPE 225MM","General",""
"NTPC","M0510055305","SERRETED GASKET FOR IPT STRWEAM TRANSFER","General",""
"NTPC","M0510102104","F-PKG:PURE GRAPHITE:112X80X16MM:","General",""
"NTPC","M0510102159","F-PKG:PURE GRAPHITE:41.17X17.4X11.9MM:","General",""
"NTPC","M0511016102","GLAND PKG RING MAT 32.6X14.3X6.4 MM","General",""
"NTPC","M0511020148","F-PKG:PURE GRAPHITE:60X38X10MM:","General",""
"NTPC","M0511024186","F-PKG:PURE GRAPHITE:66X42X12MM:","General",""
"NTPC","M0511040322","F-PKG:PURE GRAPHITE:54X34X10MM:","General",""
"NTPC","M0511090804","F-PKG:PURE GRAPHITE:55.4X27.15X13.5MM:","General",""
"NTPC","M0511090805","F-PKG:GRAPHITE:50X32X9MM:","General",""
"NTPC","M0511095855","F-PKG:PURE GRAPHITE:74X48X13MM","General",""
"NTPC","M0511100864","F-PKG:PURE GRAPHITE:85X55X15MM:","General",""
"NTPC","M0511100865","F-PKG:PURE GRAPHITE:56X36X10MM:","General",""
"NTPC","M0511105911","F-PKG:PURE GRAPHITE:80X52X14MM:","General",""
"NTPC","M0511110960","FORM-PKG:N-SPLIT:R:GRAPHITE:68X48X10MM","General",""
"NTPC","M0511115106","F-PKG:PURE GRAPHITE:102X70X16MM:","General",""
"NTPC","M0511115974","F-PKG:PURE GRAPHITE:48X32X8MM:","General",""
"NTPC","M0511120109","PURE GRAPHITED GLAND PACKING30MMX18MMX6M","General",""
"NTPC","M0511125113","PURE GRAPHITE GLAND PAEKINGOD41X26X7.5MM","General",""
"NTPC","M0511125114","PURE GRAPHITE GLAND PACKNG OD46X27X9.5MM","General",""
"NTPC","M0511130117","PURE GRAPHITE GLAND SIZE:34X54X10MM","General",""
"NTPC","M0511135121","PURE GRAPHITE GLANDSIZE OD60X38X10MM","General",""
"NTPC","M0511140108","PURE GRAPHITE GLAND PACKING SIZE32X76X22","General",""
"NTPC","M0511140153","PURE GRAPHITE PRE FORMED RING 27X13X7","General",""
"NTPC","M0511145139","PURE GRAPHITE GLAND PACKING 29*16*6.5","General",""
"NTPC","M0511170159","GRF. PKG : 62(OD) X 36(ID) X 13 MM THICK","General",""
"NTPC","M0511175101","GRAPHI.GLAND PKING :64X44,10 MM THICK","General",""
"NTPC","M0511190175","GRAPHIT PACKING :39X27X6MMTHICK","General",""
"NTPC","M0511205185","GRAPHITE PACKING:32X19X6MM THICK","General",""
"NTPC","M0511210189","PACK GLNDCHAMPION 19 619","General",""
"NTPC","M0511250200","GRAPHITE PACKING: 44 X 32 X 6 MM THICK","General",""
"NTPC","M0511250202","GLAND PKG RING MAT 25.4X12.7X5 MM","General",""
"NTPC","M0511325296","PKG RING-SQ:GRAPHITED:75MMX14MM","General",""
"NTPC","M0512053439","PKG RING-SQ:GRAPHITED:66MMX12MM","General",""
"NTPC","M0512300278","GLAND PKG RING MAT 33X20X7 MM","General",""
"NTPC","M0512360306","PKG RING-SQ:GRAPHITED:36MMX6MM","General",""
"NTPC","M0513274905","ASBESTOS PACKING RING 52*80*14","General",""
"NTPC","M0513560464","PURE GHAPHITE GLAND PACKING OD22X13X4.5","General",""
"NTPC","M0513563852","PURE GRAPHITE GLAND PACK OD138X100X18MM","General",""
"NTPC","M0513564086","PURE GRAPHITE GLAND SIZE :38X56X9MM","General",""
"NTPC","M0514100252","PURE GRAPHITE GLANDSIZE OD132X100X16MM","General",""
"NTPC","M0514100313","PURE GRAPHITE PRE FORMED RING 55X41X7","General",""
"NTPC","M0514100368","PURE GRAPHITE GLAND PACKING RING 50X32X9","General",""
"NTPC","M0514100474","GRAPH. PKING .SIZE 52X36)X8MM THICK","General",""
"NTPC","M0514100508","PKG RING-SQ:PURE GRAPH-SSW:65MMX9MM","General",""
"NTPC","M0517270808","F-PKG:PURE GRAPHITE:57.9X38.1X12MM:","General",""
"NTPC","M0517271005","PKG RING-SQ:PURE GRAPH-SSW:74MMX13MM","General",""
"NTPC","M0517271209","FORM-PKG:N-SPLIT:R:GRAPHITE:80X55X12MM","General",""
"NTPC","M0517560101","F-PKG:PURE GRAPHITE:48X30X9MM:","General",""
"NTPC","M0517560305","FORM-PKG:N-SPLIT:R:GRAPHITE:38X25X8MM","General",""
"NTPC","M0517560402N","F-PKG:PURE GRAPHITE:66X50X8MM:","General",""
"NTPC","M0517560509","GLAND PKG:FLE.GRAPF.OBLIQ.CUT:55X36X9.5","General",""
"NTPC","M0517560606","F-PKG:GRAPHITE:112X88X12MM:","General",""
"NTPC","M0517560800","GLAND PACKING SIZE :27 X 13 X 5 MM","General",""
"NTPC","M0517566109","F-PKG:PURE GRAPHITE:19X11.1X6.4MM:","General",""
"NTPC","M0517570313","GLAND PKG:REIN.OBLIQ.CUT:55.4X27.15X13.5","General",""
"NTPC","M0517570322","GLAND PACKING OF SIZE 132 X 100 X 16","General",""
"NTPC","M0517570553","GLAND PKG.REIN.OBLIQ.CUT:41.17X17.4X11.9","General",""
"NTPC","M0517580206","F-PKG:PURE GRAPHITE:81X55X13MM:","General",""
"NTPC","M0517580303","F-PKG:GRAPHITE:38X22X8MM:","General",""
"NTPC","M0517580507","F-PKG:GRAPHITE:32X18X7MM:","General",""
"NTPC","M0517580808","PKG RING-RECT:GRAPHITE+SSW:68X44X9","General",""
"NTPC","M0517581324","F-PKG:PURE GRAPHITE:67.5X47.6X10MM:","General",""
"NTPC","M0517581360","F-PKG:PURE GRAPHITE:57X38X9.5MM:","General",""
"NTPC","M0517590408","GLAND PKG.REIN.OBLIQ.CUT:76.2X31.5X22.2","General",""
"NTPC","M0517590604","F-PKG:PURE GRAPHITE:140X100X20MM:","General",""
"NTPC","M0517590807","GLAND PACK:REIN.OBLIQ.CUT:15.83X9.53X5.6","General",""
"NTPC","M0517611203","GLAND PACKING 17.4X11.1X4.8 MM","General",""
"NTPC","M0517620157","F-PKG:PURE GRAPHITE:19X12.7X6.4MM:","General",""
"NTPC","M0517620209","F-PKG:PURE GRAPHITE:32.5X19.1X6MM:","General",""
"NTPC","M0517620254","GLAND PACK:REIN.OBLIQ.CUT:38.9X25.4X8MM","General",""
"NTPC","M0517620351","GLAND PKG:REIN.OBLIQ.CUT:64X44X10.2MM","General",""
"NTPC","M0517620403","F-PKG:PURE GRAPHITE:68X44X12MM:","General",""
"NTPC","M0517620500","PURE GRAPH GLAND PKG RINGS 56X40X8 MM","General",""
"NTPC","M0517620607","GLAND PACK:REIN.OBLIQ.CUT:33X20.5X8MM","General",""
"NTPC","M0517620801","F-PKG:PURE GRAPHITE:88X62X13MM:","General",""
"NTPC","M0517621008","PURE GRAPHITE GLAND SIZE 30X45X8 MM","General",""
"NTPC","M0517621080","RECT SEC+OBLQ CUT:GRAPH+SSW:52X32X10MM","General",""
"NTPC","M0517621202","F-PKG:PURE GRAPHITE:45.2X28.6X7MM:","General",""
"NTPC","M0517631007","GLAND PACKING OF SIZE 57 X 37 X 10","General",""
"NTPC","M0517631405","PURE GRAPHITE GLAND PACK 54 MM27MM13.5MM","General",""
"NTPC","M0517640605","GLAND PACKING 46X30X8 MM","General",""
"NTPC","M0517650905","GRAP.GLAND PKING 86x60 MM 13 MM THIC","General",""
"NTPC","M0517650950","N2-NITROGEN IS:1747 PURITY 99.999%","General",""
"NTPC","M0517651102","PORT PLATE 3.01 & 4.01 FOR VACUUM PUMP","General",""
"NTPC","M0517671021","SHAFT SLEEVE 2.01 FOR VACUUM PUMP","General",""
"NTPC","M0517671207","GLAND FOLLOWER 11.01 FOR VACUUM PUMP","General",""
"NTPC","M0517698002","CHAMBER RING 10.02 FOR VACUUM PUMP","General",""
"NTPC","M0517810259","PUMP CASING 6.01 FOR VACUUM PUMP","General",""
"NTPC","M0517811003","RUST TREATMENT COMPOUND-RUSTOLINE","General",""
"NTPC","M0517811207","SEALING COMP.: LIQUID-LOCTITE-406","General",""
"NTPC","M0517820203","AEROSOL:ANTI RUST COMPOUND OKS-641","General",""
"NTPC","M0517820300","ACETONE LR ANALYT","General",""
"NTPC","M0517820407","SEALING COMPOUND -HYLOMAR","General",""
"NTPC","M0517820504","LOCTITE:790 / LPS PRESOLVE(ITW) CLEANER","General",""
"NTPC","M0517820601","MOLYKOTE P 37 ANTISEIZE PASTE FOR TG","General",""
"NTPC","M0517821002","FLNG SEALANT-LOCKTITE-510/PERMABOND-A129","General",""
"NTPC","M0517830150","LOCKTITE-648/PERMABOND A 118","General",""
"NTPC","M0517830202","ANTI-SEIZE THREAD COMPOUND","General",""
"NTPC","M0517830257","M-SEAL","General",""
"NTPC","M0517830309","TRISODIUM PHOSPHATE TR-DODECAHYDR IS:573","General",""
"NTPC","M0517830354","1600MM:CONV BELT-ST 1400FR 5/5","General",""
"NTPC","M0517830406","MOTR IN EE415VAC:150KW:4P:B3,TEFC:355S","General",""
"NTPC","M0517830503","MOTR SQL 415V 150KW 4P B3 TEFC FR 315L","General",""
"NTPC","M0517830558","3 PHASE,TEFC,SQUIREL CAGE IND MOTOR","General",""
"NTPC","M0517830600","MOTR SQL 415V:140KW:4P:B3,TEFC:FR:315M","General",""
"NTPC","M0517830646","MOTR IN EE415VAC:45.0KW:4P:B3,TEFC:225M","General",""
"NTPC","M0517830655","MOTR IN EE415VAC:55.0KW:4P:B3,TEFC:280M","General",""
"NTPC","M0517830707","MOTR IN EE415VAC:110.0KW:4P:B5,TEFC:315S","General",""
"NTPC","M0517830804","MOTR IN EE415VAC:160KW:4P:B3,TEFC:315M","General",""
"NTPC","M0517831001","MOTR IN EE415VAC:125.0KW:4P:B3,TEFC:315M","General",""
"NTPC","M0517840803","MOTR IN EE415VAC:75.0KW:4P:B3,TEFC:280M","General",""
"NTPC","M0518030607","SODIUM HYPOCHLORITE SOLUTION:GRADE-2","General",""
"NTPC","M0518050827","NUCON/NIPL-C80173/SPL SEAL KIT","General",""
"NTPC","M0518054625","SEAL KIT, VACUUM BREAKER POWER CYLINDER","General",""
"NTPC","M0518100403","SEAL KIT FOR CYLINDR-NIPL-C114396; NUCON","General",""
"NTPC","M0518100500","POWER CYLINDER: NIPL-C112667; NUCON","General",""
"NTPC","M0518170503","POWER CYLINDER: NIPL-C7718; NUCON","General",""
"NTPC","M0518250104","SEAL KIT ZQNIPL-C7718/00 FOR NUCON ACT","General",""
"NTPC","M0518250308","SEAL KIT FOR CYLNDR-NIPL-C-113643; NUCON","General",""
"NTPC","M0518270306","SEAL KIT FOR CYL-NIPL-C112667RIV-2;NUCON","General",""
"NTPC","M0518270500","SEAL KIT FOR ACTUTR:NRA/008160/225,NUCON","General",""
"NTPC","M0518270801","DELUGE VALVE ASSEMBLY COMPLETE-100 NB","General",""
"NTPC","M0518320104","DELUGE VALVE ASSEMBLY SIZE150NB","General",""
"NTPC","M0518370400","CAUSTIC SODA PURE IS:252-LIQUID","General",""
"NTPC","M0518370507","STUD FERR TY-A:IS1862 :16X60MM","General",""
"NTPC","M0518400307","STUD FERROUS IS1862 P.C.8.8 M16X80","General",""
"NTPC","M0518420305","STUD FERROUS IS1862 P.C.8.8 M16X100","General",""
"NTPC","M0519410150","H.T PLAIN WASHER IS-6649 M16MM.","General",""
"NTPC","M0519410309","HT-NUT:IS1364,PC8.8-BLK:MC:M16","General",""
"NTPC","M0519410406","SCREW HEX. SOCKET CAP,W,12X45MM","General",""
"NTPC","M0519430200","H.T PLAIN WASHER IS-6649 TYPE A M12","General",""
"NTPC","M0519430501","WASHER SPRING IS:6735 MS SIZE : 12.0MM","General",""
"NTPC","M0519430608","SCRW:IS:1364 8.8:MC:M24X50","General",""
"NTPC","M0519520402","H T HEX HEAD SCREW (F/T) 24 X 80 MM","General",""
"NTPC","M0519560107","BOLT HEX M30 x 100:IS-1364/67:GR. 8.8","General",""
"NTPC","M0519560152","SCREW:IS1364 8.8:MC:16X60MM","General",""
"NTPC","M0519560204","HT HEX NUT GRADE 10, METRIC THREADM24","General",""
"NTPC","M0519560301","H.T PLAIN WASHER IS-6649 TYPE-A M24MM","General",""
"NTPC","M0519560302","BHRC:28M:CARBON BEARING-3530201","General",""
"NTPC","M0519560408","BHRC:28M:CARBON BEARING-3530101","General",""
"NTPC","M0519560409","BHRC:28M:CARBON BEARING-3570101","General",""
"NTPC","M0519560505","BHRC:28M:CARBON BEARING-3520101","General",""
"NTPC","M0519560506","BHRC:28M:O RING-5220101","General",""
"NTPC","M0519560806","BHRC:28M:O RING-5220201","General",""
"NTPC","M0519561007","BHRC:28M:O RING-5240101","General",""
"NTPC","M0519580202","BHRC:28M:O RING-5270201","General",""
"NTPC","M0519580309","BHRC:28M:O RING-5220301","General",""
"NTPC","M0519580600","BHRC:28M:O RING-5270101","General",""
"NTPC","M0519630301","BHRC:28M:WEAR RING DEL SIDE-1900101","General",""
"NTPC","M0519630806","BHRC:28M:WEAR RING DEL SIDE-1910101","General",""
"NTPC","M0519631003","BHRC:28M:SHAFT SLEEVE-31Kawas GPS1","General",""
"NTPC","M0519670404","BALL VALVE 1""","General",""
"NTPC","M0519670501","TC:FRP HOOD ASSY FOR CHLORINE TONNER","General",""
"NTPC","M0519810307","HYDROGEN DEW POINT METER","General",""
"NTPC","M0519810608","HYDROGEN PURITY ANALYSER","General",""
"NTPC","M0519830305","PWR XYMR:140MVA,235/11.5KV:YND11:OFAF","General",""
"NTPC","M0519990186","HAND HELD SEARCH LIGHT","General",""
"NTPC","M0520104279","V94.2:TURB STATR BLADE CARRIER H10G50D59","General",""
"NTPC","M0520151503","300X150MM:VALVE SEAT","General",""
"NTPC","M0520200858","INFRARED THERMAL IMAGING","General",""
"NTPC","M0520209527","FISH PL:FISH PL COMBINATION FOR 60KG52KG","General",""
"NTPC","M0520302259","WORKSTATION: RPC-500-NC-MX; P/LAXSONS","General",""
"NTPC","M0520350364","SLUDGE PUMP","General",""
"NTPC","M0520350373","MONOBLOCK1-PHPUMP1HP,5LPS,HEAD6-18MTR","General",""
"NTPC","M0520350452","HEX BOLT GR10.9/12.9 CSK M6X12","General",""
"NTPC","M0520350762","HEX SOCKET CAP SCREW M6X40 GR12.9 IS2269","General",""
"NTPC","M0520351552","SOCKET HEAD CAP SCREW M8 X 40MM.","General",""
"NTPC","M0520370760","CAP SCREW CSK M 10 X 40","General",""
"NTPC","M0520370797","HEX SOCKETCAP SCREW M10X40 GR12.9 IS2269","General",""
"NTPC","M0520373501","HEX HD BOLT IS:1364 PC-12.9 M12X35MM","General",""
"NTPC","M0520374009","HEX SOCKETCAP SCREW M12X40 GR12.9 IS2269","General",""
"NTPC","M0520375002","SOCKET HEAD SCREW M 12 X 50, 12.9 GRADE","General",""
"NTPC","M0520990301","CSK CAP SCREW (F/T) 12X50 MM","General",""
"NTPC","M0520994309","STUD-A, M16X280-IS1862,1363 &2NUTS GR4.6","General",""
"NTPC","M0521100003","SCREW HEX SOC CAP:IS2269 12.9:MC:M20X55","General",""
"NTPC","M0521351500","BOLT:PC12.9-COLD FORGED:MC:M24X130","General",""
"NTPC","M0521990532","SUCTION CONE WASHER 50 X18 X 3.15MM","General",""
"NTPC","M0521990541","SPLIT PIN 6X100MM ,MATL.-SPRING STEEL","General",""
"NTPC","M0522000586","BOLT+NUT:MS-IS:1363/4.6:MC:M10X40MM","General",""
"NTPC","M0522007125","BOLT & NUT:MS-4.6PC-CD COT:MC:M12X40","General",""
"NTPC","M0522100158","MS HEX HD SCREW WITH NUT IS:1363 12X60MM","General",""
"NTPC","M0522100200","BOLT+NUT:MS-IS:1364/P.C-4.6:MC:M16X40","General",""
"NTPC","M0522100255","MS BOLT,NUT &WASHER /HEX HEAD FT/M 20X70","General",""
"NTPC","M0522100325","BOLT+NUT:MS-IS:1363/4.6:MC:M16X100MM","General",""
"NTPC","M0522100404","BOLT HEX HD HT:PC8.8-BLK:MC:M16X75","General",""
"NTPC","M0522100501","BOLT+NUT:MS-IS:1363/4.6:MC:M16X60MM","General",""
"NTPC","M0522100653","MS-BOLT:IS:1363 4.6:MC:M4X25","General",""
"NTPC","M0522100802","HEX.SCREW & NUT IS:1363 M4X50MM","General",""
"NTPC","M0522101009","SELF PRIMING MONOBLOC DEWATERING PUMP","General",""
"NTPC","M0522101258","DIESEL E/E DRIVEN DEWATER PUMP:KBL:SP3L","General",""
"NTPC","M0522101504","COMPLETE ASSLY","General",""
"NTPC","M0522102002","COUPLING ASSLY","General",""
"NTPC","M0522102507","BEARING HOUSING","General",""
"NTPC","M0522103005","BOTTOM BEARING","General",""
"NTPC","M0522200155","FLANGE","General",""
"NTPC","M0522200207","END COVER","General",""
